,semel,shem_eretz,uc2010,Jewso10,Arabs10,Olim10,AhuzGidulShnati10,ribuitivishnati10,Ledot10,p0509_0_4,p0509_5_14,p0509_15_24,p0509_25_34,p0509_35_44,p0509_45_54,p0509_55_64,p0509_65_74,p0509_75p,e0,RPiryon0509_15_19,RPiryon0509_20_24,RPiryon0509_25_29,RPiryon0509_30_34,RPiryon0509_35_39,RPiryon0509_40_44,RPiryon0509_tot,Rabort0509_15_49,Rabort_up,Rabort_dn
0,,,2.7,99.2,0.8,3.4,-0.2,18.0,,7.86329103599,16.5314891205,16.8922397195,14.2117995289,12.5199922819,12.2821089243,12.6626051523,4.28641213431,2.7500621023,,,,,,,,2.45688311936,13.1,17.0639527705,9.10592112664
1,,,9.5,99.8,0.2,7.1,3.8,131.0,,8.63295004148,20.2061779256,17.0090125543,11.7344504844,15.4834724043,13.7944392453,8.33821997208,2.88801190009,1.91326547249,,,,,,,,2.50915922311,13.0,15.0657251146,10.9082878736
2,,,3.0,100.0,0.0,2.3,2.8,49.0,,10.7929132883,19.525470143,13.8548299486,12.7750935299,14.8414012809,12.1872077821,6.17831903716,4.73719521167,5.10756977837,,,,,,,,2.97992739609,12.3,16.0768386378,8.50561919631
3,,,3.4,100.0,0.0,3.6,3.0,76.0,,14.6067835204,21.0141375468,16.5897231528,13.5367356077,10.0657645252,9.50703404504,6.03184900204,4.45144816765,4.19652443232,,,,,,,,4.42871700916,8.7,11.817532209,5.53082071181
4,,,2.7,99.8,0.2,3.3,4.7,25.0,,6.80407803455,18.938486014,18.6090960934,10.8006615957,13.4200039737,15.5713361804,11.2087587921,2.52186974445,2.12570957169,,,,,,,,2.35115730494,10.0,13.3030923868,6.63473508393
5,,,5.5,98.9,1.1,6.6,6.8,65.0,,6.69569181988,13.8868528547,17.3411494836,14.3366744359,11.8431884709,14.1543731368,11.8521302716,6.20430049601,3.68563903062,,,,,,,,1.9137768344,13.5,16.3610600365,10.5710914683
6,,,4.8,95.9,4.1,19.5,1.0,111.0,,13.1999918958,18.6826929264,14.7702678763,17.4007513215,10.9801065288,9.26330973201,7.16147578042,4.68301662435,3.85838731435,,,,,,,,3.73596089108,14.7,18.0185572236,11.3715429657
7,,,6.7,100.0,0.0,2.7,4.2,64.0,,7.43428771805,16.0122632192,19.4143789494,13.4632133831,11.8082593557,16.4134595455,11.0960491122,2.73399432343,1.62409439344,,,,,,,,2.26768765713,8.8,10.8886142632,6.69639834727
8,,,2.2,100.0,0.0,4.2,22.4,38.0,,7.41185243134,10.5716009905,14.1699922631,15.8150570479,11.0271065957,9.88380675503,13.8016251,9.21271806122,8.10624075522,,,,,,,,2.54438038112,10.2,15.2696681525,5.04258335247
9,,,5.5,100.0,0.0,3.1,0.2,65.0,,5.6575856482,18.2537965462,21.9527423399,12.4423822039,11.5653016132,18.0228628765,9.24618676209,1.83328250673,1.02585950336,,,,,,,,1.93787308176,6.3,7.91813784395,4.59188796012
10,,,3.0,100.0,0.0,3.1,2.0,61.0,,16.8402140146,19.4170062109,7.06587750318,18.1977661583,21.7766072481,6.68711402582,6.00648213264,2.75024438339,1.25868832301,,,,,,,,2.84686235391,8.8,12.0704981982,5.47965247808
11,,,6.8,99.9,0.1,3.3,1.4,95.0,,9.2312664393,19.4256351213,14.3163018423,13.0480952669,15.7190254106,12.9070548155,8.10338816202,4.47294111879,2.77629182324,,,,,,,,2.36948899696,12.6,15.0950661223,10.0448580164
12,,,6.0,0.8,99.2,0.2,2.4,117.0,,12.4458579809,23.5832891125,17.3758824743,14.3830992529,12.8856966067,9.97469533587,5.22413082639,2.68096056178,1.44638784867,,,,,,,,3.45974577444,7.1,8.99821137151,5.13343776323
13,,,8.1,2.6,97.4,0.0,2.0,179.0,,13.3015123082,26.4459769455,20.454616459,16.7312529922,11.2531679691,6.19351230972,3.39493805643,1.49604369005,0.728979269847,,,,,,,,3.16615261154,10.9,12.915689852,8.83571931964
14,,,5.7,0.0,100.0,0.0,1.9,93.0,,9.86844791153,21.9814625748,19.3108146469,16.1743210933,13.8214623548,9.07815993689,4.57665690506,3.23511223262,1.95356234413,,,,,,,,2.31982218093,7.1,9.04017262494,5.186969828
15,,,2.9,0.4,99.6,0.1,1.9,49.0,,9.92575225164,19.7590684535,14.3192227569,16.2425227093,14.4118865623,9.11838976827,6.29600093424,6.4072989528,3.51985761106,,,,,,,,2.56598652326,11.9,15.593078079,8.24862814203
16,,,9.1,0.2,99.8,0.1,1.5,152.0,,12.7740189323,24.4758640451,16.6907430554,14.186445801,14.1189897004,8.31325387008,4.7987730342,3.00165095698,1.64026060445,,,,,,,,3.23987041433,11.4,13.4183563824,9.35072333454
17,,,9.0,2.0,98.0,0.1,1.7,162.0,,12.0209465177,24.0042441143,18.6864983332,15.4907661976,13.1057860934,8.40497265031,4.42975428928,2.60187322983,1.25515857442,,,,,,,,2.98907523108,7.7,9.35777753373,6.11832752253
18,,,5.5,0.1,99.9,0.0,1.6,94.0,,11.1303839192,23.2138957026,19.156015212,17.2579222709,12.5492806708,7.91788342558,4.3980623007,2.68047904523,1.69607745297,,,,,,,,2.5966809543,2.6,3.78589680116,1.39537422394
19,,,2.8,0.4,99.6,0.0,2.9,60.0,,12.6422738551,22.094649537,17.6136641494,16.9233795973,13.345824883,7.6883003495,4.89995173152,3.40363259659,1.38832330055,,,,,,,,3.03033219245,4.2,6.3010490406,2.07238616339
20,,,8.8,0.8,99.2,0.0,0.9,93.0,,9.53911582046,21.3995421854,17.4308397976,15.0266585773,13.6996901375,11.191998906,6.29625909173,3.46422168826,1.95167379573,,,,,,,,2.35783636319,11.6,13.5780006273,9.6012429837
21,,,2.9,0.4,99.6,0.0,0.9,36.0,,8.11438606568,19.4639163048,17.224733361,15.235001477,11.9037487413,12.4702553118,8.42920463591,4.80027917609,2.35847492641,,,,,,,,1.90580112644,3.9,5.89385811575,1.84687080463
22,,,7.0,0.1,99.9,0.0,2.2,175.0,,13.6418471659,26.4280731153,19.6359747329,16.2492040982,12.016109288,6.04675362459,3.32831088722,1.9551885711,0.698538516697,,,,,,,,3.28860219003,4.6,5.98048556661,3.12822375933
23,,,2.4,0.0,100.0,0.0,2.7,65.0,,13.8465369555,26.8991814028,18.4985799733,14.8867416364,12.4716472682,7.63030784743,3.3784372,1.60128649456,0.78728122192,,,,,,,,3.28964327932,4.2,6.61313581068,1.84028279353
24,,,3.4,0.4,99.6,0.1,0.4,33.0,,8.720110068,21.7771477229,22.2733307788,12.0822142412,13.4537675092,12.1266537142,4.44620764395,3.78467994682,1.33588837484,,,,,,,,2.36246519977,7.7,10.1986741273,5.13735721448
25,,,2.9,1.1,98.9,0.1,1.6,33.0,,9.06488581179,18.1292956142,13.9411988764,15.9086421809,13.937862994,9.76356896343,7.8096420471,7.14968942274,4.29521408956,,,,,,,,2.17427643244,15.5,19.630789077,11.353784104
26,,,7.1,0.1,99.9,0.1,2.0,183.0,,12.9948088593,26.6202758987,20.9746548201,14.3395024923,10.679499579,7.41448378431,3.93963928961,1.95657527005,1.08056000665,,,,,,,,3.70762854425,5.2,6.68661499915,3.61533249777
27,,,2.3,0.0,100.0,0.0,6.7,68.0,,16.7684650244,28.988216384,18.5727443552,13.7645834535,10.116572844,6.72995012771,2.76675209657,1.08326133279,1.20945438183,,,,,,,,4.25477105038,5.4,8.45226121371,2.35437349847
28,,,3.7,0.0,100.0,0.0,1.3,74.0,,11.0632788631,24.2263115832,21.1460300313,18.5980069947,11.361771157,6.83406690858,3.52974218638,1.9285244793,1.31226779642,,,,,,,,2.19535819727,5.2,7.18176802367,3.20109649228
29,,,2.2,0.2,99.8,0.0,2.3,50.0,,11.993162742,23.1850320902,20.3404029454,16.2552872436,12.0679910787,8.20302856892,4.88454720719,2.22020333079,0.850344793173,,,,,,,,2.96997041431,8.7,11.9303566972,5.41578868167
30,,,2.7,0.4,99.6,0.0,2.9,83.0,,14.9244726322,30.3897077944,18.5174815981,15.0992953417,10.2743381765,5.39250390008,3.14734752697,1.49368185635,0.761171173615,,,,,,,,3.85619544872,5.1,7.74689478586,2.5495866267
31,,,4.9,0.9,99.1,0.1,1.7,67.0,,9.64442217608,20.7000362471,17.9595761597,16.2019852734,12.830182817,10.7750539849,6.31654858436,3.56072367557,2.01147108191,,,,,,,,2.47500309716,14.1,17.1626629636,11.0906915123
32,,,2.9,0.5,99.5,0.0,1.1,31.0,,8.05978809709,18.6398474202,16.9424462433,16.3382714512,12.9718866638,11.0636585968,7.44443046481,4.94101073907,3.59866032364,,,,,,,,2.24016179619,10.8,14.092844054,7.4520672198
33,,,5.4,1.3,98.7,0.5,0.8,82.0,,9.78293350912,20.5256798627,17.7289171165,16.6251485401,13.2534667967,10.0176543674,5.65784559664,3.46849518495,2.93985902595,,,,,,,,2.15379919694,4.2,5.68559875886,2.61675386826
34,,,6.0,0.3,99.7,0.0,1.9,111.0,,11.9671417339,25.1325414375,19.6033876846,15.5894298294,13.9550641951,6.6855276218,3.82573497341,2.14436366565,1.09680885862,,,,,,,,2.67279073059,5.7,7.36920521341,4.04402215616
35,,,7.3,0.8,99.2,0.0,0.5,96.0,,8.99052637399,20.9728053564,17.8857164703,14.8098982121,12.893109906,9.62841987834,7.17587245431,4.8284488819,2.81520246663,,,,,,,,2.28187807046,7.3,9.03562829156,5.61588879973
36,,,3.0,100.0,0.0,11.9,10.5,503.644444444,,20.0126190785,26.8591795185,22.8217171373,13.4359123127,8.08896265599,4.46165735912,3.70199415613,0.393513383089,0.224444398631,,,,,,,,6.79338516183,0.0,5.28750725129,0.0569458612128
37,,,3.0,100.0,0.0,5.6,0.9,20.0,,6.49706917493,14.0583884086,14.6632813381,9.80748172252,9.65665956702,13.7333104274,13.7949343606,10.3163012021,7.47257379878,,,,,,,,2.34816221398,11.7,15.3030276899,8.02448334278
38,,,8.6,0.5,99.5,0.0,1.6,169.0,,14.9270940491,27.9551678811,17.4970996771,14.0434963448,11.8150123914,7.14750874541,3.85448867108,2.14166349772,0.618468742379,,,,,,,,3.94404425754,8.5,10.3093117548,6.59697491233
39,,,2.9,0.1,99.9,0.0,2.6,71.0,,15.6020955984,31.4535804184,16.587918365,13.6524937406,11.7824514285,5.38368308401,3.04515425769,1.72866718865,0.763955918667,,,,,,,,4.19993622653,3.4,5.46249708468,1.28649332553
40,,,3.1,0.1,99.9,0.0,1.9,79.0,,15.01078911,28.0655881075,17.6096423932,16.2821723969,11.5529439587,6.15956896239,3.12620600127,1.5695904145,0.623498655484,,,,,,,,3.57639405063,3.7,5.64488121325,1.76864360681
41,,,2.5,0.6,99.4,0.0,1.6,54.0,,14.2224929715,26.4561557803,18.9798692806,13.4641328038,12.1348102024,8.12747657469,3.74744810488,2.15416813602,0.713446145815,,,,,,,,3.69103661244,6.4,9.3789776975,3.46462044027
42,,,2.5,0.2,99.8,0.0,3.1,51.0,,11.2576874643,27.1661683399,18.4366055882,15.2240646038,12.5334177361,8.1664596404,3.96035987146,2.66768982507,0.58754693074,,,,,,,,2.55252652394,7.5,10.5771789218,4.35906817759
43,,,6.5,99.1,0.9,3.7,1.5,54.0,,6.97814894591,13.7813879335,15.0683658656,11.2260108486,8.42239194995,12.0291947342,17.3024307928,8.9696409523,6.22242797721,,,,,,,,2.99260218909,11.2,13.7602641718,8.56054479315
44,,,5.0,100.0,0.0,4.8,4.9,200.0,,15.9373934236,28.3936214984,23.8478861529,12.340844747,6.50100197981,5.70528542907,3.76853840078,2.14025087664,1.36517749175,,,,,,,,5.76331722505,2.4,3.80477769593,1.05720039185
45,,,2.5,99.9,0.1,2.4,-1.5,53.0,,20.7063375841,32.7838717344,19.8634289277,8.58235480052,7.2704189902,5.78545665618,2.88930445572,0.940116891053,1.17870996014,,,,,,,,10.8850920532,0.0,6.13444048579,0.0667259939766
46,,,6.0,98.7,1.3,17.1,1.5,88.0,,10.7801977012,17.1064662388,14.115843011,17.4335945417,13.2277213296,12.8621189739,7.01206293308,4.81398852788,2.64800674288,,,,,,,,2.43330490289,15.6,18.4886043826,12.7915596643
47,,,8.2,96.9,3.1,17.7,2.7,168.0,,10.9903596006,18.8459954069,16.8373893587,14.6580822837,11.7479477644,10.5320051604,7.77925660978,5.27667327561,3.33229053987,,,,,,,,3.43978178001,15.5,17.9987675232,12.9934320482
48,,,5.0,0.3,99.7,0.1,2.6,133.0,,14.2569702594,24.9843843311,16.3852817123,16.2436513183,12.9103147041,7.43552384936,4.38379585287,2.46072321864,0.939354753901,,,,,,,,3.70979494115,13.7,16.6411076691,10.8108411655
49,,,9.4,99.9,0.1,3.3,3.2,304.0,,15.5131932272,27.6577471276,19.3468747145,12.0751904022,9.17189013972,7.6631141611,4.71079707697,2.30102041376,1.56017273684,,,,,,,,5.32917528305,2.4,3.40255064765,1.4299513362
50,,,6.9,1.0,99.0,0.0,2.5,140.0,,13.0454041469,25.2013141151,17.4944730998,15.3913786302,13.5574137642,7.67680530213,3.94223163667,2.50496802707,1.18601127795,,,,,,,,3.11392851524,8.3,10.257460532,6.33101549302
51,,,5.7,0.1,99.9,0.0,1.7,104.0,,12.9326086871,25.0692635879,20.2666632651,17.4523708842,11.6287552138,6.98948726996,3.23754714655,1.51079513877,0.912508806491,,,,,,,,2.94979960769,7.4,9.44428471502,5.41934447107
52,,,6.5,0.3,99.7,0.1,2.5,158.0,,13.589782562,26.3644535419,19.5959823109,16.0130150148,11.5622698746,6.56543950146,3.48509377028,1.80063532429,1.0233280998,,,,,,,,3.47259578591,7.8,9.67401263743,5.82978954787
53,,,4.4,0.6,99.4,0.0,2.4,113.0,,14.9818316746,26.8079271063,19.4704435358,14.2760185383,11.3219729779,7.27160740505,3.17503167519,1.72607664536,0.969090441587,,,,,,,,4.04314969149,7.9,10.2917453247,5.43666460578
54,,,7.7,0.2,99.8,0.0,2.5,202.0,,13.759389688,25.8199375117,20.4753612778,14.4716278792,11.7456373106,7.41422835624,3.47920256222,1.79532616834,1.03928924588,,,,,,,,3.5804956089,3.4,4.55906138645,2.18794625909
55,,,9.8,0.1,99.9,0.0,3.7,372.0,,20.4112518171,28.525833568,18.6920672247,14.4965072988,8.79133665474,4.22107752268,2.97603111337,1.24249455051,0.64340025004,,,,,,,,6.07301544795,7.0,8.6746676635,5.35236563482
56,,,6.9,99.6,0.4,51.7,0.7,38.0,,6.44973325765,14.4226127044,13.662570347,12.6242553861,13.7900135771,13.2765597689,10.0393734992,7.99279009603,7.74209136362,,,,,,,,1.76945588445,12.4,14.6793240585,10.0451701723
57,,,2.2,100.0,0.0,4.7,-0.2,48.0,,8.137976667,21.5924670626,41.289420684,5.95547940774,7.53445711612,9.11334251479,4.13663746124,1.48347402612,0.756745060357,,,,,,,,5.26679735094,3.2,5.50170444842,0.823409639322
58,,,6.2,99.9,0.1,9.2,6.4,81.0,,11.5881552623,23.6310554834,14.9393461977,10.772140406,18.2626082643,12.3567026875,5.62099079145,2.11593202335,0.713068883944,,,,,,,,2.57726146222,11.7,14.4806642178,8.91207746222
59,,,2.6,100.0,0.0,16.1,9.5,129.0,,14.4586800472,27.7808148487,21.5965087449,11.3226289504,9.22690240334,8.47976269589,4.29601683105,1.54249247301,1.29619300547,,,,,,,,5.53070281529,0.0,0.901989988385,-0.292475789282
60,,,4.2,100.0,0.0,12.0,3.5,27.0,,5.86369753881,17.5453698682,17.0979003434,8.97437189284,13.0704618234,16.4727533277,12.3374660042,6.23478681409,2.40319238741,,,,,,,,2.00420554937,10.3,12.9792291488,7.57501014712
61,,,9.3,100.0,0.0,7.4,-1.6,82.0,,5.6023089285,20.7520643237,19.6295746847,8.72955295269,15.9108841073,16.4547679753,9.73303036225,2.06077708618,1.1270395793,,,,,,,,1.62823355809,5.5,6.61783579758,4.29125869363
62,,,2.7,1.0,99.0,0.0,2.7,64.0,,17.3150562261,31.1318722853,16.262139,15.4778322051,9.75820537385,5.10365975213,3.42971359783,1.41181576089,0.109705798826,,,,,,,,4.13071135237,9.1,12.828762488,5.40918870074
63,,,3.3,96.4,3.6,20.1,-3.6,64.0,,10.5542431581,20.8084111641,13.0814780235,13.596582702,18.620126713,12.2376361205,6.45770941479,3.03782127323,1.60599143086,,,,,,,,2.55284943063,10.8,13.7504732557,7.9420304496
64,,,5.6,98.9,1.1,4.3,1.9,45.0,,7.51427601094,18.6629787866,16.4151930399,10.8818239744,14.0990608632,15.0584077081,10.7627399646,3.90692382931,2.69859582296,,,,,,,,1.99967570618,10.6,12.9790704899,8.182973632
65,,,6.3,99.4,0.6,3.6,3.4,97.0,,7.73433511376,19.7739772485,17.1251855339,10.7456788975,14.3127850013,13.9167184428,10.14742036,4.39317161812,1.85072778408,,,,,,,,2.44927413814,10.7,12.9484514733,8.51351177628
66,,,5.9,99.1,0.9,3.9,2.1,64.0,,6.9497789893,19.8063289702,18.5800572718,9.69712424078,14.533912313,15.1782538037,10.9473996175,3.59559432319,0.711550470492,,,,,,,,2.23689431366,8.7,10.8481868674,6.56659893748
67,,,2.4,99.8,0.2,4.5,0.3,33.0,,9.4183066134,25.6733208898,17.5811509323,9.76503434724,19.2042872113,13.5066255993,3.85002641267,0.774178742945,0.227069251006,,,,,,,,1.91882742421,11.4,14.8401861191,7.97850652346
68,,,2.6,99.7,0.3,2.7,1.8,38.0,,9.42153454344,22.647128394,14.915140629,10.8045337794,17.6509389862,13.4402452074,9.30188767425,1.43302270942,0.385568076932,,,,,,,,2.31117803954,8.8,12.0177521447,5.54210607183
69,,,7.5,0.1,99.9,0.0,5.7,265.0,,19.5819376593,32.2449518006,18.8437375962,13.2082850955,8.14362366607,4.66445542685,1.84346030847,1.02640781178,0.443140635319,,,,,,,,5.88506536111,4.4,5.88673589573,2.86206751087
70,,,5.8,0.1,99.9,0.0,2.6,122.0,,12.2069537022,24.7702807854,19.0169289752,14.4541355916,11.67696687,8.93807629818,5.06483247459,2.66548587082,1.20633943205,,,,,,,,3.14873442964,4.0,5.51699180727,2.45772633651
71,,,2.1,100.0,0.0,3.0,0.4,17.0,,6.32778603035,21.9736339146,20.1168182744,9.79280424229,16.2191479412,15.1249149085,7.60087417073,2.18335433586,0.66066618203,,,,,,,,1.84533056311,7.0,10.0072068334,4.02613994501
72,,,5.7,0.0,100.0,0.0,1.9,109.0,,12.3667922724,23.2870094271,19.4651592128,17.776102073,12.0175842819,7.69484366111,4.11368211948,1.86780140182,1.41102555034,,,,,,,,2.86302219468,3.8,5.29832669972,2.40006916659
73,,,7.4,0.1,99.9,0.0,1.7,158.0,,13.4921344975,25.4650407468,20.8247752616,16.3183754277,11.1076786398,6.08156826248,3.20399476207,2.22259622828,1.28383617371,,,,,,,,3.1766670786,4.8,6.26038736108,3.35835188573
74,,,2.5,100.0,0.0,4.5,2.7,28.0,,8.8928774578,30.3856472117,13.6921868557,5.99997469486,22.8780583567,13.8924525333,2.75032123893,0.81649154673,0.691990104289,,,,,,,,2.17261998165,11.5,15.2095746629,7.75198135936
75,,,3.5,100.0,0.0,4.3,-0.1,40.0,,10.9419513761,29.0538286292,11.7438776093,6.33503168265,25.0843316054,11.4402542341,3.51718625657,1.44743139298,0.436107213535,,,,,,,,2.28048166235,7.5,10.1085710714,4.8592549422
76,,,5.3,100.0,0.0,4.7,1.1,65.0,,12.5469457475,28.1701556589,11.7469573185,8.19826080319,24.7424165513,9.18324822278,3.57836502832,1.3513208672,0.48232980237,,,,,,,,2.34329604364,7.2,9.15496427378,5.22305610561
77,,,7.9,0.2,99.8,0.0,2.7,226.0,,15.3243867988,34.3081842774,15.9438102061,13.4536678601,9.80493994125,5.97654596698,2.96538129892,1.50959393098,0.713489719563,,,,,,,,4.41188686734,3.2,4.45545954261,1.98414388332
78,,,2.2,100.0,0.0,8.0,3.3,30.0,,10.2500115642,37.2669817779,28.8336395342,-3.21842193635,11.9823455792,12.0409454372,1.69190373227,0.526199091922,0.62639521948,,,,,,,,3.51375005264,1.7,3.12196539793,0.206694965111
79,,,2.5,100.0,0.0,3.3,2.7,503.644444444,,15.5406628088,31.3708767627,7.60207369971,7.5530104223,27.90115765,7.55255271983,1.74834773657,0.441350886356,0.289967313727,,,,,,,,2.70233592983,9.4,12.895019496,5.85551105782
80,,,8.6,99.7,0.3,10.1,1.7,193.0,,10.3457963488,19.693719281,17.2884504911,13.3900036975,10.3514347513,11.8643489528,8.06692978235,5.69972521771,3.29959147731,,,,,,,,3.36202120979,11.5,13.5586570312,9.3732342212
81,,,3.8,100.0,0.0,8.4,2.7,150.0,,16.7111890544,22.9034293227,18.4141561672,16.00773374,7.44193064083,8.30680373767,7.31871938479,1.77171846252,1.12431948983,,,,,,,,5.25186628384,4.1,6.11582955516,2.18029173516
82,,,3.5,100.0,0.0,3.4,3.0,100.0,,12.4722071379,16.2019787799,21.8116235519,15.6000092848,7.24703236193,9.97060113452,12.1651091226,3.60465119018,0.926787436265,,,,,,,,4.27222168434,3.7,5.46341033588,1.87445722095
83,,,5.6,100.0,0.0,8.0,2.3,218.0,,17.1215954361,26.4156240813,22.8278187562,12.7219890301,7.15281484088,6.99611412433,4.69875263858,1.28720343698,0.778087655452,,,,,,,,6.56059785455,3.9,5.56575740315,2.28964603648
84,,,3.0,100.0,0.0,15.4,2.8,101.0,,15.8109511252,22.7426715262,23.8322668982,15.0835855577,8.12327524484,5.69689077075,5.38516036354,2.12206925119,1.20312926234,,,,,,,,5.55204624573,4.7,7.08630938048,2.33148335407
85,,,7.2,99.8,0.2,18.7,2.1,218.0,,13.3510550998,22.9851743355,23.280025689,12.4867765181,7.10504473564,9.60576886234,5.89990776746,3.46066650965,1.82558048255,,,,,,,,4.66195179449,8.0,9.83230234734,6.09025931886
86,,,3.2,100.0,0.0,11.0,3.6,92.0,,17.031478712,26.9145092768,18.9416012224,13.5960723393,10.5068656431,6.54649976648,3.92347354279,1.50840564903,1.03109384806,,,,,,,,5.10688648012,6.3,8.80173316813,3.70598491009
87,,,3.2,100.0,0.0,7.4,6.0,105.0,,15.5102829173,26.7633431928,13.6190304893,14.6096542413,16.2846667532,8.52920119518,3.5203010427,0.777019259563,0.386500908779,,,,,,,,3.89253384642,12.2,16.1607014285,8.32068758995
88,,,6.2,99.9,0.1,14.9,1.2,158.0,,10.4491060079,18.8519780523,25.1243838179,12.3877246737,8.594490228,13.1745343443,7.01191681486,2.6562152422,1.74965081881,,,,,,,,3.77527389942,8.5,10.4966704891,6.43021876028
89,,,2.1,100.0,0.0,8.0,8.3,112.0,,18.1974571132,21.2423311667,25.8463276563,16.1583593334,6.22641224787,7.11730805684,3.60428561249,0.701753227974,0.905765585165,,,,,,,,6.15812694338,2.3,4.09188772897,0.456533555172
90,,,7.3,100.0,0.0,19.4,3.8,186.0,,11.3514032215,23.6850927535,22.7949588998,11.1096878471,10.4655784115,11.7030385782,5.59005525394,1.85098255956,1.4492024749,,,,,,,,4.16943410015,3.8,5.10716252116,2.56894836328
91,,,3.8,100.0,0.0,4.1,5.4,67.0,,9.50489702182,21.970708639,15.5069273012,13.3624697545,17.1995111239,12.2970370976,7.79012635506,1.81781445489,0.550508252091,,,,,,,,2.28628296891,9.4,12.1439904482,6.71869912321
92,,,2.9,100.0,0.0,3.8,1.6,120.0,,19.0229706023,27.4720871348,15.9585642551,11.8072155858,7.38939633373,9.47749876893,5.04572050133,2.03793926131,1.78860755673,,,,,,,,6.68729818472,2.6,4.41784912579,0.804011396995
93,,,4.6,100.0,0.0,4.1,5.2,85.0,,9.84503611492,19.622357998,15.2795595648,14.2927151237,14.7635450105,11.892891078,9.19976921095,3.78458168959,1.31954420953,,,,,,,,2.54632827816,8.5,10.9925952079,5.94999716186
94,,,6.9,100.0,0.0,5.9,5.4,150.0,,9.76831608366,17.3707206007,15.9205741665,16.2740288473,13.643240752,13.9731415992,9.9686319162,2.10367390262,0.977672131688,,,,,,,,2.43783591073,12.0,14.3875665845,9.52955404425
95,,,6.1,99.9,0.1,3.2,4.9,115.0,,7.77983432836,19.2091166567,19.110416703,12.4586331807,14.3966491992,14.5310436126,9.2860397828,2.37831009234,0.84995644424,,,,,,,,2.21972052011,8.8,10.8474245769,6.72042596929
96,,,4.3,99.6,0.4,10.1,5.1,121.0,,18.5859230081,22.1256428088,13.393807678,20.0315601983,12.7396567967,7.72230132742,3.38137041392,1.2605336218,0.759204147023,,,,,,,,3.73198297887,11.0,14.2254023081,7.87428100059
97,,,3.0,100.0,0.0,12.9,6.1,148.0,,21.367949146,21.3922000356,20.324273313,18.4481955238,8.26637852103,4.76469276928,2.95085501057,1.54014313762,0.9453125431,,,,,,,,6.4553057425,4.0,6.18822231394,1.72164970143
98,,,3.3,100.0,0.0,4.9,6.7,58.0,,8.64979852298,20.2924529944,15.7414846874,11.1964818505,15.2995338751,12.0696240827,12.9097499223,3.09486444766,0.74600961697,,,,,,,,2.41885229393,11.0,14.7257797341,7.34726456469
99,,,2.6,100.0,0.0,27.1,0.9,40.0,,9.24805031696,26.5917364924,22.2044528754,8.74950804788,11.5755200711,13.6334404902,6.11307300203,1.33685886311,0.547359841027,,,,,,,,4.02894994695,3.1,5.06067612218,1.1915611718
100,,,5.9,100.0,0.0,15.6,3.4,280.0,,25.7531513254,25.2589921436,15.2965078436,18.5980991698,7.78956992712,4.45051799431,1.67358573187,0.710700310163,0.468875554177,,,,,,,,6.89804812473,0.8,1.58646764972,0.104711042814
101,,,2.7,100.0,0.0,3.2,8.4,123.0,,24.7189095175,35.8634821473,7.66197611881,15.6560566392,13.112619229,1.89694905802,0.6109591325,0.264712180421,0.21433597723,,,,,,,,7.00339899966,0.0,2.24039783977,-0.361876684626
102,,,2.5,100.0,0.0,2.3,2.8,32.0,,15.8035354165,30.5594819777,7.18858461162,8.48654503499,28.7409622581,6.69010400924,1.81525035734,0.564124124708,0.151412209859,,,,,,,,2.9616276297,6.0,8.99136271646,2.96082293198
103,,,5.9,0.0,100.0,0.0,1.8,108.0,,11.1113435788,21.865884084,17.344728902,18.3343048156,13.6701690643,8.52086993815,4.36562019707,2.74033366057,2.04674575949,,,,,,,,2.74506691493,4.7,6.18864509541,3.113887496
104,,,6.6,99.4,0.6,31.8,3.0,86.0,,7.23705830122,16.6264918919,16.6605050677,13.7467415219,11.7035209188,14.0186691155,9.76682040088,6.24455867261,3.9956341093,,,,,,,,2.15659324942,11.6,13.9141936254,9.23633303057
105,,,9.7,0.1,99.9,0.0,2.2,173.0,,10.9687343372,20.1035336024,16.2781414613,19.3212432508,14.6238516299,8.34147122338,5.93864334997,2.73479420947,1.68958693561,,,,,,,,2.45284000018,8.3,9.93013523115,6.72671278231
106,,,3.1,0.0,100.0,0.0,1.6,66.0,,12.3090022589,20.0081515308,16.4505308568,21.0439398701,13.0067726457,7.88169250843,5.24172598179,2.1088195312,1.94936481615,,,,,,,,2.92670512172,6.3,8.64365058831,3.98187488469
107,,,2.2,0.1,99.9,0.0,2.3,51.0,,13.7284276499,24.9982202763,22.2066322331,18.1288554881,9.7737915045,5.81433838297,2.94315011825,1.22243801812,1.18414632878,,,,,,,,2.82838104599,9.8,13.4701899031,6.11782084711
0,,,24.1,99.3,0.7,24.9,0.8,447.0,,10.328366691,19.654497648,18.1259903149,13.1678904207,11.139012953,11.0546705896,6.94144245038,5.50862095114,4.07950798129,,,,,,,,3.27065596239,14.2,15.5559307516,12.8607894471
1,,,208.5,99.9,0.1,31.9,2.0,2997.0,,9.75878321884,17.9310122819,14.7417809612,14.0828978387,11.9669647634,11.0441936095,8.8296998071,6.65879080433,4.98587671509,,,,,,,,2.82003713225,14.8,15.2938962174,14.3246228079
2,,,10.4,100.0,0.0,5.5,3.3,156.0,,10.7379088932,22.198914038,13.6341163406,11.2759964526,18.4471790091,12.6113074688,6.52841853838,2.76298804656,1.80317121268,,,,,,,,2.49260672123,11.5,13.336817569,9.56492204258
3,,,18.9,99.7,0.3,8.8,5.7,295.0,,10.2089601677,22.3463384319,16.0067478754,12.7913229559,16.1100833421,11.6914118599,6.38612192989,2.87296990616,1.58604353103,,,,,,,,2.61087490997,11.7,13.1816542061,10.2578419102
4,,,18.2,100.0,0.0,8.5,6.9,309.0,,11.1194068882,18.2147365072,15.679076082,16.2102927332,14.1916375766,11.8399035602,8.13196242797,2.77651362017,1.83647060435,,,,,,,,2.73651699782,10.9,12.3737291849,9.4698652592
5,,,10.8,99.9,0.1,4.1,6.8,123.0,,8.14747046769,17.2300041167,17.3346348389,12.9552193239,12.7128522293,12.2383770866,11.3726669681,4.09690322499,3.91187174384,,,,,,,,2.4209293186,8.2,9.82448732055,6.61551717979
6,,,16.9,100.0,0.0,8.6,2.2,235.0,,9.94767986121,22.7867872512,13.978445331,10.135850222,19.2614891864,12.8707175211,5.99569487746,2.95589692426,2.06743882535,,,,,,,,2.35165054555,7.6,8.74492232574,6.44920864956
7,,,13.1,99.9,0.1,5.0,2.9,184.0,,9.13243605798,16.9467573289,14.8920555353,13.5681160724,12.9878183268,12.6856062223,10.8499715951,5.35957862427,3.57766023701,,,,,,,,2.50426412683,8.9,10.4170522786,7.4213439598
8,,,19.3,100.0,0.0,22.9,1.5,266.0,,10.8599224231,19.5628747852,12.2064044096,15.322441863,16.5392220214,10.8907438984,7.1553040319,4.37734323377,3.08574333367,,,,,,,,2.3805036418,10.3,11.6143507519,9.02711418475
9,,,27.1,99.9,0.1,15.3,3.0,763.0,,14.7721213237,22.7703096344,17.2944757143,14.4615920461,10.4756896229,8.7835185682,4.9164518303,3.8834690375,2.64237222244,,,,,,,,4.23613649148,9.8,10.9249942423,8.6865946562
10,,,10.2,99.5,0.5,12.8,1.2,128.0,,7.68611766359,16.013911827,18.0271086923,15.1659245589,12.7255790583,12.9058793896,8.79621539641,5.12227046623,3.55699294752,,,,,,,,2.24159852802,15.1,17.1445438595,12.970881169
11,,,12.5,0.6,99.4,0.1,1.6,198.0,,11.2896943418,22.5751336574,18.8380525747,16.6055976406,12.438172753,8.78157130369,5.17029598239,2.77195851464,1.5295232318,,,,,,,,2.54517680478,7.0,8.30959846956,5.67001091082
12,,,12.3,0.1,99.9,0.0,2.3,270.0,,13.6781161324,25.918587268,18.0877542926,15.7427559826,12.2754686067,7.50733406065,4.16051849043,1.76960541078,0.859859755756,,,,,,,,3.503346606,6.9,8.23165998396,5.5069713814
13,,,10.6,0.1,99.9,0.0,1.7,168.0,,10.2232793117,22.2162413219,19.7762602113,16.1949112859,12.7279124473,9.15092355274,4.1668955217,3.40228536191,2.14129098565,,,,,,,,2.4018101901,3.7,4.65926149,2.67062878185
14,,,20.1,0.5,99.5,0.0,1.5,373.0,,10.9862001233,23.8772747645,20.7507047178,16.3144399897,12.4978263121,7.75257973414,4.18605710881,2.44773171862,1.18718553103,,,,,,,,2.66171634075,5.7,6.67985375427,4.80315931726
15,,,26.2,0.5,99.5,0.1,1.5,349.0,,9.74599484149,19.0977623495,17.7309104699,17.3098474064,14.0156537369,10.6317274195,6.14568738119,3.37776629204,1.94465010309,,,,,,,,2.36537938613,8.7,9.73033319363,7.73266217537
16,,,12.0,0.3,99.7,0.0,1.9,251.0,,13.226574888,25.6940722752,18.1779025202,15.3754742788,12.237975271,7.58078633727,4.12339073991,2.21950713105,1.36431655864,,,,,,,,3.4626890892,7.0,8.39967803426,5.64314692409
17,,,16.6,0.2,99.8,0.0,1.9,306.0,,11.1371005269,23.9753550873,18.7528399256,15.3987892713,13.5121914869,8.75769099956,4.68441622605,2.65900017105,1.12261630533,,,,,,,,2.76955654282,6.4,7.41476322365,5.30663134795
18,,,14.9,0.3,99.7,0.1,1.9,302.0,,12.1013191326,24.6422170221,19.569438362,15.6888354873,12.1715838447,7.80607044991,4.25511210948,2.42401569392,1.341407898,,,,,,,,2.89718169405,4.9,5.95267006549,3.82789487574
19,,,12.3,0.2,99.8,0.0,2.2,222.0,,12.8032488692,24.8327927778,18.6935240695,15.8528054565,13.4825105323,7.47132169157,3.95629855144,1.96433225939,0.943165792356,,,,,,,,2.97922444652,4.8,6.03494329138,3.63397784909
20,,,19.0,0.2,99.8,0.0,2.3,426.0,,13.4056594749,26.2344505937,19.0151033499,14.7980359372,11.7892400878,7.56876925812,4.13564184535,2.03338559611,1.01971385698,,,,,,,,3.43404605412,6.2,7.24142133605,5.18244103273
21,,,16.3,0.2,99.8,0.0,2.5,447.0,,14.1573330491,28.8922004863,20.5000367071,14.3228887155,10.6281193091,6.05472463624,2.84321821231,1.7670409018,0.834437982547,,,,,,,,3.56030672321,4.5,5.50866066526,3.5320174715
22,,,31.1,0.2,99.8,0.0,2.0,650.0,,13.2838065417,25.4087298158,18.6188515231,15.880233277,12.175463189,7.34349038379,3.89967048353,2.2955011835,1.09425360261,,,,,,,,3.23338467507,5.4,6.17198747487,4.67302596369
23,,,10.8,0.2,99.8,0.0,2.0,232.0,,14.5904471066,26.3858328795,19.8507033619,15.3589688977,11.4109690757,6.24691604423,3.29473076323,2.0150700661,0.846361804972,,,,,,,,3.4916939363,4.0,5.12658747127,2.93881171037
24,,,11.6,1.4,98.6,0.0,2.0,221.0,,11.5734602292,24.1130297544,17.659770669,16.0174549882,13.2873293585,8.69904464401,5.060172494,2.46937062987,1.12036723285,,,,,,,,2.79502097302,5.0,6.1825509255,3.86705083163
25,,,21.4,1.2,98.8,0.1,2.4,491.0,,14.2507905566,25.989701181,18.0393027231,15.7480100606,12.0884136461,7.04421883828,3.7266648008,1.99596461131,1.1169335822,,,,,,,,3.63730771865,6.2,7.19750938157,5.23933493174
26,,,11.3,0.2,99.8,0.0,2.0,228.0,,12.4953895657,26.4764517391,18.475485694,14.7758539153,13.112092394,8.04161786236,3.80232383591,1.8403974536,0.980387540096,,,,,,,,3.04392292672,6.2,7.54516630342,4.906332145
27,,,11.1,0.3,99.7,0.1,2.2,263.0,,12.5544964307,23.685914719,19.193153933,16.114126266,12.5171310506,8.55385762831,4.22605891369,2.51299164758,0.642269411066,,,,,,,,3.16202228737,3.9,4.9506668498,2.85364196955
28,,,12.6,0.2,99.8,0.0,2.5,343.0,,15.4568088575,26.8799720224,20.6591229219,16.1504444944,10.4680901553,5.94860588765,2.83750018914,1.12405427599,0.475401195852,,,,,,,,3.73746367754,7.9,9.32615262017,6.47439314213
29,,,17.4,0.2,99.8,0.0,1.1,296.0,,9.92621455989,24.1915575825,19.4995227377,15.0639010092,14.2411229713,9.32580858718,4.19188012679,2.46550311373,1.09448931172,,,,,,,,2.376075991,5.3,6.28154056426,4.36557405527
30,,,11.0,99.8,0.2,10.0,3.1,137.0,,7.26388901269,14.1336735484,15.3094980706,15.7987744979,12.6181996363,13.2107830076,11.0212897582,5.13267473725,5.51121773115,,,,,,,,2.08119377872,12.4,14.2990136625,10.5235609814
31,,,19.1,0.2,99.8,0.1,2.9,470.0,,14.1124249035,27.5051825794,18.4397945686,14.6225831506,11.880956157,6.94032696289,3.72028462023,1.85656097387,0.921886083824,,,,,,,,3.56881407806,5.7,6.67481692061,4.64645626841
32,,,22.3,0.2,99.8,0.1,2.0,349.0,,12.83823103,24.5934657196,16.4861053164,15.9469599189,13.049307017,7.88713853057,5.02852256282,2.7967262246,1.37354368014,,,,,,,,3.04998324874,5.1,6.05689840477,4.13887260933
33,,,18.9,0.2,99.8,0.0,2.7,494.0,,14.2204382808,26.9754141437,18.637327012,14.7070598288,11.5650264594,7.42989482808,3.76475309214,1.89503084098,0.80505551419,,,,,,,,3.80934781962,4.7,5.5827961712,3.73316888374
34,,,15.5,0.2,99.8,0.0,2.6,319.0,,11.9425356764,24.3146002766,18.8391549034,14.9804382806,12.9972316171,9.08072338694,4.40793488816,2.48130561325,0.95607535752,,,,,,,,3.15867274965,5.5,6.58854345175,4.45186525452
35,,,22.1,99.9,0.1,7.2,2.7,492.0,,12.7206690892,17.9237180452,12.7803326006,18.1106421761,13.2470553706,9.29925108854,7.98137030197,4.4255560977,3.51140523008,,,,,,,,2.99246321322,8.1,9.26125444611,7.00477332993
36,,,24.0,100.0,0.0,25.9,0.6,257.0,,8.05187226523,17.4598989422,16.4642579056,13.929615783,11.3081974698,12.1299230435,9.37035084817,6.09659762151,5.18928612106,,,,,,,,2.3584545039,19.1,20.6539128049,17.5118906875
37,,,23.9,99.6,0.4,9.6,0.9,357.0,,8.65145849599,16.998652651,17.6403081016,14.4061285462,11.1248058892,12.0853357016,11.5051570106,5.29679510737,2.29135849647,,,,,,,,2.76071839659,12.1,13.3369715316,10.7744075583
38,,,16.0,99.2,0.8,35.4,-0.7,124.0,,7.85018028699,15.8225343553,15.8892301934,14.2564148873,12.1946382749,13.960832586,9.2208833248,6.58251106341,4.22277502796,,,,,,,,2.2506316995,13.6,15.1813715719,11.9864139134
39,,,20.9,99.5,0.5,30.7,1.6,326.0,,8.56480665272,16.1467669165,17.6971621325,15.4922194268,11.6803010136,12.6909791337,7.96031855314,5.97686097713,3.79058519385,,,,,,,,2.53089943651,19.9,21.6867636817,18.1944748334
40,,,20.7,99.8,0.2,18.4,0.9,358.0,,10.0031558678,18.957790984,19.6686834322,14.2057219247,10.2223934815,11.871112384,7.6206053299,4.55345942194,2.89707717395,,,,,,,,3.21184490555,17.7,19.3851819431,16.0572454669
41,,,15.5,0.1,99.9,0.0,3.6,583.0,,21.2560354712,32.9610094772,19.7514095582,12.5155995915,6.48993306086,3.69671509076,1.87631598417,0.990082079748,0.46289968637,,,,,,,,6.51991127968,5.3,6.51294815648,4.13985446645
42,,,17.1,0.0,100.0,0.0,3.8,506.0,,20.3921796589,32.1861142494,19.5312588444,12.9222736962,7.21643939749,4.09436660509,2.20996479449,1.12092034145,0.326482412654,,,,,,,,5.84811706136,3.0,3.96157685332,2.05231347167
43,,,40.8,83.9,16.1,41.2,0.1,113.0,,6.24082539865,12.852026261,13.783537166,13.3345152655,11.8751802514,13.5762306342,11.8283155102,8.92652133298,7.58284818008,,,,,,,,1.82615149898,16.5,17.6605321502,15.434399574
44,,,20.8,80.9,19.1,33.3,1.6,295.0,,8.06933809978,16.2060283131,16.8720522623,13.8654780583,12.9110677329,12.6380566116,8.24807144878,6.30686746307,4.88304001019,,,,,,,,2.35096168374,12.0,13.3737894325,10.7090636282
45,,,44.3,98.0,2.0,36.3,0.7,340.0,,7.24772706247,13.8552444027,15.6031550493,14.6060933962,11.4338122453,13.5053320032,11.0488098496,6.8423784233,5.85744756795,,,,,,,,2.07097935718,14.1,15.044910738,13.0632147918
46,,,52.4,0.2,99.8,0.0,2.7,1681.0,,19.6906857345,33.3203644982,18.8614553164,12.7509781303,7.80603457145,3.81272152514,2.17630586095,1.09563103262,0.485823330466,,,,,,,,5.92842915137,6.8,7.61139409905,6.08457521735
47,,,12.4,0.1,99.9,0.0,5.3,543.0,,19.141347472,32.5572017673,21.0740694399,13.6272139885,6.91687290448,3.49938775533,1.83560120498,0.879340472231,0.468964995257,,,,,,,,5.82109130348,1.1,1.65783344581,0.544109940027
48,,,74.6,100.0,0.0,9.7,5.2,1585.0,,13.9501806137,22.3273510869,12.4236469442,14.3069727651,18.4826873455,10.6613916148,4.754183898,2.14602735211,0.947558379832,,,,,,,,2.92427086351,9.7,10.3953014843,9.07775751194
49,,,18.4,0.4,99.6,0.0,1.8,282.0,,11.6270883653,24.4515182024,18.0068007868,15.6302114684,14.0945537983,8.21421833639,4.24996552353,2.83467293206,0.890970586744,,,,,,,,2.66545059849,10.8,12.1490289543,9.49159121218
50,,,17.0,0.1,99.9,0.0,5.1,515.0,,20.1970123766,31.6659716866,18.5567888085,13.6538260366,7.82049092284,3.910419438,2.53537682489,1.18791209823,0.472201807662,,,,,,,,5.41682967097,4.3,5.41824365753,3.08849741566
51,,,18.4,100.0,0.0,3.5,2.8,240.0,,9.90156566711,25.1994310618,15.880961231,8.63210577106,20.0927310157,13.7179366106,4.19892678966,1.75789325438,0.618448598737,,,,,,,,2.35554551482,6.9,7.95783642105,5.93525901858
52,,,37.3,100.0,0.0,3.2,5.7,1698.0,,28.3700398666,26.3007094851,11.5223412231,20.7634894896,7.98593793356,3.1196838435,1.227233174,0.51863881306,0.191926171468,,,,,,,,6.44883824421,2.3,2.79392804103,1.7463649547
53,,,12.9,0.1,99.9,0.0,1.9,260.0,,13.3807717042,27.3780862828,17.1139727314,15.0941370756,12.4804532409,7.59127949584,4.01501483919,2.02164485498,0.924639775074,,,,,,,,3.43072721037,4.8,5.91529084291,3.67420222105
54,,,18.6,99.7,0.3,17.5,-0.1,173.0,,7.54302728007,14.15875972,15.8248380469,15.1282213706,11.7239929416,13.9362954387,10.0527951759,6.74157226038,4.89049776587,,,,,,,,2.12575188881,16.5,18.1178194706,14.8243341813
55,,,32.5,99.2,0.8,18.9,0.4,400.0,,8.49770805019,17.32083068,16.6707890295,14.4984960844,12.0025139388,11.9544699358,9.08731122475,6.16220448878,3.8056765679,,,,,,,,2.50948769896,17.7,18.9839592916,16.4241292412
56,,,16.6,99.6,0.4,5.6,1.2,127.0,,6.98073148339,14.9228288607,14.2067209915,12.3869174216,11.7803919118,12.7139290867,12.1275426095,6.45326297891,8.42767465591,,,,,,,,2.13291129138,11.5,13.1420826507,9.893965119
57,,,34.5,99.9,0.1,14.5,0.9,483.0,,9.39847788529,16.6236740488,16.0384447647,15.4518506799,12.6741155206,12.3247625786,8.81078600613,5.09078756948,3.5871009465,,,,,,,,2.5351834472,14.7,15.8497104772,13.4952508088
58,,,23.8,97.9,2.1,28.1,2.0,224.0,,7.25915426878,12.7843121876,14.2713378921,17.5466344748,14.1541110975,12.4677262775,9.39631607705,6.4912932191,5.62911450557,,,,,,,,1.89851591229,13.4,14.7501889254,12.0585988735
59,,,11.2,98.8,1.2,14.0,12.8,220.0,,7.0869160004,16.9190930724,23.8657765256,13.5297278961,11.4948765333,10.5798846117,9.17481794653,3.95666344823,3.39224396571,,,,,,,,2.08059630305,11.3,13.2563249919,9.38610968871
60,,,22.4,99.5,0.5,9.0,7.5,417.0,,12.4799524126,19.553360155,13.4531612554,15.2405620695,14.2346049777,8.79272685768,6.92136304538,4.12152666387,5.20274256297,,,,,,,,3.05955157654,15.0,16.6599476411,13.3401087261
61,,,23.6,97.3,2.7,37.9,1.5,228.0,,7.17994457094,15.2408372394,15.4147372883,12.7839174621,11.4252227166,12.0161637327,11.1316337547,8.44976145577,6.35778177942,,,,,,,,2.20946263269,15.3,16.7545338032,13.8179038823
62,,,47.6,95.6,4.4,19.3,0.9,767.0,,8.86677712454,15.0075223648,18.9493257006,20.1045320233,11.8489769502,11.059671948,7.73588265876,4.0238493608,2.40346186898,,,,,,,,2.28745468384,28.4,29.6995110869,27.1240887003
63,,,78.8,99.8,0.2,20.9,4.5,2664.0,,18.7964356197,26.9029476972,13.9788378637,14.390401305,10.3991503986,7.11636211597,3.99325422252,2.5381092765,1.88450150073,,,,,,,,5.09371749585,8.7,9.32967179905,8.01327438643
64,,,31.6,99.9,0.1,6.5,3.9,475.0,,8.97179777718,13.7341252981,12.6305445584,15.014162913,13.7960309341,11.4971221693,10.969031395,7.00613788851,6.3810470664,,,,,,,,2.42321040683,10.5,11.6153844832,9.40275271709
65,,,47.5,99.9,0.1,27.2,0.4,578.0,,8.29795556923,16.5202044473,17.1109147422,13.2480194049,10.9159972188,12.9452999721,9.18709606152,6.17222292379,5.60228966022,,,,,,,,2.65154416375,15.6,16.5950470373,14.5628589612
66,,,38.9,99.9,0.1,6.0,1.9,554.0,,8.97797663009,20.3835263644,15.9785865331,12.5906456905,15.4744139824,13.6912864904,6.50001364819,4.00955742284,2.39399323816,,,,,,,,2.49364584881,10.0,10.8387057534,9.08516825318
67,,,40.9,99.9,0.1,4.3,1.9,533.0,,7.74391187413,13.0237957696,14.190775809,13.3942061015,11.7509810449,11.721694693,13.1068059198,8.63807454371,6.42975424433,,,,,,,,2.38385603807,10.9,11.9278412265,9.95408176693
68,,,33.1,99.9,0.1,11.8,0.7,468.0,,7.97636271797,16.9851447446,18.6143839676,14.5926782124,11.2591930688,13.8985937158,10.2306780401,3.61496110936,2.82800442344,,,,,,,,2.32319165063,14.4,15.5075574099,13.2090054448
69,,,46.7,0.1,99.9,0.0,2.8,1066.0,,14.1727945032,27.2210265179,16.9844214126,15.39229989,12.6453896257,7.06786453337,3.72294045487,1.95379959476,0.839463467615,,,,,,,,3.75715271246,4.9,5.49393536634,4.29113202912
70,,,22.7,0.2,99.8,0.1,1.7,369.0,,11.2455061021,23.893909624,18.3189380005,14.6271529857,12.8222402059,9.44614985551,5.29432289576,2.94242672847,1.40935360206,,,,,,,,2.76309028208,7.3,8.33981328428,6.31160485532
71,,,36.9,0.1,99.9,0.0,2.3,761.0,,13.8490490981,24.467654006,16.8085683179,14.8829625076,12.9810246916,8.37568672645,4.72994203879,2.7801716334,1.12494098024,,,,,,,,3.65673097331,3.6,4.19033740818,3.03928100503
72,,,23.2,97.1,2.9,16.1,0.9,310.0,,8.31605408344,15.0273412592,18.2080271577,16.3462038157,11.4452897168,13.0697563891,8.39208638595,5.55716127587,3.63807991634,,,,,,,,2.48143595631,16.3,17.8131413156,14.8843983234
73,,,780.5,64.1,35.9,8.5,1.9,19128.0,,12.5081364235,21.9434887185,18.3819689066,13.8600598432,10.012323084,8.46842201256,6.65148351711,4.31601812804,3.85809936654,,,,,,,,3.9208567895,5.4,5.5468302727,5.23651938823
74,,,17.6,99.1,0.9,40.9,0.6,185.0,,6.8815301406,14.746110189,19.8739134533,15.5175789332,12.8489365067,13.4984182132,8.16784000789,5.07912802149,3.38654453442,,,,,,,,1.88261283687,10.2,11.5313083303,8.96719085055
75,,,35.0,99.9,0.1,15.6,3.9,683.0,,10.6833208296,20.9023245361,17.7610806987,13.8423717269,13.5786340237,11.7127581019,6.31706991605,3.2280205724,1.97441959481,,,,,,,,2.81833272426,10.6,11.6156796033,9.66035810793
76,,,11.3,99.8,0.2,6.8,9.1,272.0,,9.06085573606,18.8539589662,21.0351786851,13.6502457692,10.6367772177,13.3029009741,8.96388443295,2.98382960425,1.51236861451,,,,,,,,2.7702946079,8.0,9.50742132585,6.55730619556
77,,,36.3,100.0,0.0,5.4,7.4,1816.0,,25.9304601844,32.7606654218,12.8758107863,15.9295620849,7.73517922188,2.86240930673,1.18921699153,0.467450499788,0.249245502663,,,,,,,,7.63557259869,1.4,1.77963001574,0.938000108005
78,,,47.4,100.0,0.0,5.8,5.2,2704.0,,29.4827220436,27.3483961517,13.8752002803,18.499446041,6.15579753068,2.38108490185,1.32087133102,0.561205996956,0.37527572296,,,,,,,,8.03924149017,1.1,1.494036503,0.794052039022
79,,,266.9,90.0,10.0,23.1,1.0,1449.0,,6.19696365743,11.723152751,14.7325399927,14.3007121994,11.4787790579,11.709487737,11.8421832492,8.77878716256,9.23739419276,,,,,,,,1.97130032312,14.6,15.0688920004,14.2139702656
80,,,404.0,96.0,4.0,12.8,0.1,4752.0,,7.2717391582,10.0439821042,11.2099224414,23.5831019059,13.5504694226,10.1282291948,9.70868215156,6.75113464209,7.75273897921,,,,,,,,2.04457621597,14.8,15.1025870822,14.4429009587
81,,,34.7,0.1,99.9,0.0,2.5,730.0,,13.1786040873,24.9150854156,17.9387266415,15.1538824406,12.192562044,8.45373996379,4.61502477465,2.57448115719,0.977893475404,,,,,,,,3.44048192422,4.1,4.76740058876,3.4870022445
82,,,156.7,100.0,0.0,5.5,2.9,4995.0,,14.6615708492,24.7928278493,20.0914242443,11.184531768,7.83498057839,7.5191704663,6.34007920787,3.35566858011,4.21974645657,,,,,,,,5.66987131687,3.4,3.67581556023,3.09992740823
83,,,130.2,99.7,0.3,33.0,0.3,586.0,,6.26857842211,11.2444239242,12.7853661044,14.5380793215,11.0337446727,12.2357313084,12.8884119932,9.80611182412,9.19955242938,,,,,,,,2.02881375553,19.2,19.8670159682,18.4502114518
84,,,53.5,100.0,0.0,7.0,1.9,602.0,,7.37689626408,10.7605064707,10.1290206529,17.5374888235,15.2341993832,10.7005678137,10.1274776447,8.19059738787,9.94324555928,,,,,,,,1.96439610155,9.7,10.4572932944,8.91234579352
85,,,87.5,99.9,0.1,10.7,1.3,744.0,,6.90142881767,11.9557981618,14.2532386688,15.2142859639,11.5505328796,12.5970838873,13.4831525989,7.352101158,6.69237786395,,,,,,,,2.07475651198,12.1,12.7570306415,11.3985771057
86,,,80.8,98.9,1.1,26.2,1.7,756.0,,7.59800616536,14.9216264029,16.0096456948,14.1044015834,11.8527964877,12.7418991833,10.2570921292,6.84115009259,5.67338226073,,,,,,,,2.27087796026,13.9,14.6953817644,13.1890135501
87,,,183.1,99.9,0.1,17.0,-1.8,1812.0,,7.29578743608,12.948399794,14.0015807501,15.1105123714,11.8651622533,12.0868235315,11.6757170983,8.09423383351,6.92178293181,,,,,,,,2.14970036796,14.8,15.3719086595,14.3134786027
88,,,41.5,98.4,1.6,13.6,1.0,495.0,,9.18756930051,17.0123449452,16.4272089586,14.8768338839,11.0651998441,12.3870441291,8.87643469852,6.00225004396,4.16511419614,,,,,,,,2.61523418282,14.0,15.0614191884,12.9636166766
89,,,51.1,99.9,0.1,18.6,1.6,334.0,,6.99113571884,14.1872432539,15.7730040034,14.0214335472,11.6948539073,13.0588773177,11.5847592309,6.87117242369,5.8175205971,,,,,,,,2.11420106332,15.2,16.1540949483,14.1869095354
90,,,84.3,99.9,0.1,13.0,1.5,892.0,,7.55319249334,13.5263425404,15.228728713,15.0497108617,11.6392135817,12.4425362746,12.3499978533,5.9701379715,6.2401397104,,,,,,,,2.1706419459,10.7,11.3550131934,10.0737248212
91,,,70.1,73.3,26.7,23.9,0.8,1188.0,,10.4060525758,18.722579319,14.6498151466,14.5665298906,11.7649398627,10.8562290974,8.60824368116,5.84801751847,4.5775929084,,,,,,,,3.0285989722,16.7,17.6486576264,15.8505278204
92,,,113.2,99.8,0.2,31.3,2.3,1159.0,,7.70146794784,15.289423172,15.7154026732,13.5198453445,11.6692056324,12.547722698,9.71592028524,7.67707623847,6.16393600847,,,,,,,,2.3540778085,17.3,18.0262487228,16.5968826421
93,,,38.6,99.8,0.2,6.8,2.8,548.0,,9.30568602059,16.1476788142,14.1821904503,15.3891926473,14.05079959,11.8560681919,9.87021847089,4.93500781987,4.26315799489,,,,,,,,2.27825244692,13.2,14.2805860737,12.0572658658
94,,,72.6,0.3,99.7,0.0,1.2,1162.0,,11.5611242916,23.4389096004,17.1724365941,14.7748228268,12.4035243726,9.27585550293,5.74808625281,3.85290731179,1.77233324692,,,,,,,,2.9036881309,9.2,9.88318387083,8.57681065484
95,,,185.0,99.8,0.2,26.1,1.9,2050.0,,8.27948818668,14.6873675767,14.5246969656,14.4388637864,10.845783553,11.6369079166,10.5899641669,7.4147517857,7.58217606239,,,,,,,,2.48369762127,11.2,11.6108674844,10.6918052789
96,,,26.0,0.5,99.5,0.0,2.4,601.0,,12.6993498958,24.0450466913,18.5659141224,16.6619930662,13.2523307726,7.38297759781,3.97741915951,2.33850209572,1.07646659862,,,,,,,,3.24861631019,6.4,7.29909296609,5.52326540445
97,,,46.5,70.5,29.5,18.3,0.6,569.0,,8.01829365727,15.77311986,17.3656745038,14.3787150771,11.2934273413,12.9675535034,8.86882718837,6.24089852954,5.09349033917,,,,,,,,2.47513769355,18.3,19.381051434,17.1683460243
98,,,40.8,99.3,0.7,25.2,1.3,388.0,,7.31311800385,14.7652223874,17.5566640025,14.1273363147,10.5815943825,13.220513487,9.99589367421,6.73915889431,5.70049885341,,,,,,,,2.17614330377,16.5,17.6676413283,15.4099812936
99,,,31.8,99.8,0.2,15.2,4.1,391.0,,8.39159769961,16.4200320495,16.0923661664,12.8869901392,13.3358044655,12.7575816523,9.09653740569,5.64167145694,5.37741896484,,,,,,,,2.42409088779,11.8,12.909894516,10.6992738303
100,,,210.3,99.9,0.1,19.3,0.8,2587.0,,8.72389875717,14.4091385826,13.6483800084,15.5382840131,12.3491637282,11.211759252,10.9857814866,6.8934527279,6.24014144393,,,,,,,,2.38223089281,12.0,12.4978648719,11.5923164102
101,,,30.0,97.7,2.3,15.2,3.0,697.0,,12.9209464203,21.6949926047,17.3674551354,11.5689821159,9.80319313628,10.1972263485,6.64238159089,5.10494320402,4.69987944399,,,,,,,,4.38420496132,9.4,10.4893019276,8.36254497829
102,,,38.2,99.9,0.1,22.1,1.2,243.0,,6.63808234725,12.1359497163,13.7369695719,14.994581144,11.70064611,12.4899206752,12.4455894874,7.82635415035,8.03190679762,,,,,,,,1.91411157109,14.1,15.2116593139,13.07981679
103,,,229.6,99.9,0.1,18.2,1.2,2395.0,,7.38483520305,14.1061161517,15.4868893375,15.4547065308,12.4923367303,13.1627376997,11.4905972229,5.64792042319,4.77386070081,,,,,,,,2.03761376561,14.2,14.6740248788,13.7981841317
104,,,114.1,99.7,0.3,17.8,2.6,1807.0,,9.27381130013,14.9263505856,14.6325959486,15.7430230496,11.3938353803,10.7407351043,11.0158441262,6.38441548529,5.88938901999,,,,,,,,2.69664554318,13.6,14.2320379874,12.9483944757
105,,,66.0,79.0,21.0,21.1,0.6,1054.0,,9.64199901699,17.2644683782,16.4016383086,15.9950102867,11.6998039886,11.4089991052,8.23868474396,5.37655820577,3.97283796604,,,,,,,,2.78939150195,17.4,18.3491291487,16.4802321299
106,,,145.4,99.8,0.2,10.9,0.6,1199.0,,6.83103524159,11.032290098,12.3530573379,16.9332057825,13.7403872967,11.1128670245,10.4950891736,7.87425342721,9.62781461787,,,,,,,,1.96252973975,11.3,11.7646543665,10.7581536382
107,,,68.6,100.0,0.0,15.5,0.8,767.0,,7.89706211167,14.8114971869,15.3574837138,13.7410743763,12.1989688469,13.2010366359,12.579915138,5.17667353215,5.03628845836,,,,,,,,2.40754798218,8.1,8.6742892895,7.48224098752
108,,,36.6,0.9,99.1,0.1,1.8,589.0,,11.6461032932,23.4344958364,16.8125469448,15.1802809348,14.2292793786,9.28538861469,4.89353730897,3.06932841281,1.44903927574,,,,,,,,2.71371115969,8.2,9.0516554675,7.36721717332
109,,,29.0,0.3,99.7,0.0,2.1,600.0,,12.9696388749,24.6120108545,17.7528279115,15.770357191,12.8346840009,8.40630309556,4.25232388746,2.42688806465,0.9749661195,,,,,,,,3.20214309919,6.1,6.9460138745,5.29192644921
110,,,194.8,98.2,1.8,28.0,0.6,1932.0,,7.99827550372,14.5024473854,16.0691507066,15.6633632419,12.084512624,12.0604334172,9.39209558856,6.74686584541,5.48285568729,,,,,,,,2.23704549467,16.9,17.3718610327,16.3296128932
111,,,51.5,97.3,2.7,19.2,1.1,514.0,,8.82044392121,14.0066516227,12.9140065588,16.1241744257,12.1172057315,11.979748549,10.3336468282,6.85479151266,6.84933085021,,,,,,,,2.43212397645,13.6,14.52093619,12.6638495023
112,,,16.9,99.4,0.6,5.9,0.4,227.0,,9.85320964699,18.3568631474,18.4621082057,14.5049956553,11.4819658086,12.5517327423,7.57127208211,4.26496125473,2.95289145681,,,,,,,,2.90355507757,15.0,16.6646978899,13.3535586468
113,,,19.1,99.9,0.1,8.9,4.1,275.0,,9.35529520656,21.4006916678,15.6260375609,10.5302723617,14.3067373162,13.1965123624,7.92419167596,4.27034383375,3.38991801467,,,,,,,,2.73661897096,8.7,9.96592280808,7.48836443683
114,,,26.8,99.9,0.1,6.1,2.5,326.0,,8.43393592524,15.9065087322,14.8897235495,14.2692036957,12.9593167457,12.737085071,11.1113932641,5.26054432069,4.43228869582,,,,,,,,2.34741541891,9.6,10.6313498823,8.48236793116
115,,,37.5,99.9,0.1,20.6,1.1,228.0,,6.13133914305,11.5887356827,14.4152774882,14.7976117714,11.0850770124,13.0972526759,13.1313503741,8.23411286608,7.5192429861,,,,,,,,1.91774694811,15.0,16.1371944255,13.8393756447
116,,,37.8,99.9,0.1,33.9,0.3,100.0,,5.86682313882,11.3127130414,14.6949077732,13.6534194926,10.0352265863,13.6357429865,12.9377955402,9.00451489067,8.8588565504,,,,,,,,1.86025010456,19.6,20.9088029063,18.2561087473
117,,,47.8,99.9,0.1,6.5,2.8,679.0,,9.23276455607,16.6004230191,13.8511501872,14.0709065643,15.0941498147,12.6162152937,9.79417647655,4.50696277286,4.23325131542,,,,,,,,2.36063230291,10.9,11.752153334,10.0457004627
118,,,12.7,99.8,0.2,6.0,4.3,187.0,,11.2482849763,19.4744323,12.3726535462,13.4810526878,17.8304742684,11.610347019,7.20485300886,3.78821733835,2.98968485515,,,,,,,,2.63246607139,11.4,13.1963913384,9.6440364811
